高三(01),化学,30
高三(01),历史,3
高三(01),地理,15
高三(01),技术,7
高三(01),政治,4
高三(01),物理,39
高三(01),生物,24
高三(02),化学,33
高三(02),历史,2
高三(02),地理,10
高三(02),技术,5
高三(02),政治,9
高三(02),物理,38
高三(02),生物,20
高三(03),化学,27
高三(03),历史,6
高三(03),地理,14
高三(03),技术,15
高三(03),政治,7
高三(03),物理,28
高三(03),生物,21
高三(04),化学,31
高三(04),历史,5
高三(04),地理,14
高三(04),技术,14
高三(04),政治,8
高三(04),物理,37
高三(04),生物,23
高三(05),化学,21
高三(05),历史,3
高三(05),地理,21
高三(05),技术,20
高三(05),政治,6
高三(05),物理,37
高三(05),生物,21
高三(06),化学,31
高三(06),历史,15
高三(06),地理,22
高三(06),技术,5
高三(06),政治,10
高三(06),物理,25
高三(06),生物,16
高三(07),化学,19
高三(07),历史,7
高三(07),地理,16
高三(07),技术,15
高三(07),政治,7
高三(07),物理,24
高三(07),生物,28
高三(08),化学,12
高三(08),历史,11
高三(08),地理,27
高三(08),技术,20
高三(08),政治,17
高三(08),物理,16
高三(08),生物,26
高三(09),化学,21
高三(09),历史,15
高三(09),地理,14
高三(09),技术,2
高三(09),政治,24
高三(09),物理,6
高三(09),生物,33
高三(10),化学,17
高三(10),历史,18
高三(10),地理,19
高三(10),技术,9
高三(10),政治,24
高三(10),物理,7
高三(10),生物,25
